============================================
LISTING OF DOMAINS
============================================
Author : Netw0rk Bug
E-Mail : bug@netw0rk.freeserve.co.uk
Date : MAY 1999
============================================

I hope you find them usefull

AD - Andorra - Andorre
AE - Imarata al Arabiya al Muttahidah - Ittihad al Imirat alArabiya - United Arab Emirates
AF - Afghanistan - Afghanestan
AG - Antigua and Barbuda
AI - Anguilla
AL - Shqip&euml;ria - Albania
AM - Armenia - Hayastan
AN - Netherlands Antilles - Nederlandse Antillen
AO - Angola
AQ - Antarctica
AR - Argentina
AS - American Samoa
AT - Austria - Osterreich
AU - Australia
AW - Aruba
AZ - Azerbaijan - Azerbaycan
BA - Bosnia and Herzegovina - Bosna i Hercegovina
BB - Barbados
BD - Bangladesh
BE - Belgium - Belgique - Belgie
BF - Burkina
BG - Bulgaria
BH - Bahrain - Bahrayn
BI - Burundi
BJ - Benin
BM - Bermuda
BN - Brunei
BO - Bolivia
BR - Brazil - Brasil
BS - Bahamas
BT - Bhutan
BV - Bouvet Island - Bouvetoya
BW - Botswana
BY - Belarus - Byelarus'
BZ - Belize
CA - Canada
CC - Cocos (Keeling) Islands (Australia)
CF - Central Africa
CG - Congo
CH - Switzerland - Schweiz - Suisse - Svizzera - Svizra - Helvetia
CI - Cote d'Ivoire
CK - Cook Islands
CL - Chile
CM - Cameroon
CN - China
CO - Colombia
CR - Costa Rica
CS - Czechoslovakia
CU - Cuba
CV - Cape Verde - Cabo Verde
CX - Christmas Island (Australia)
CY - Cyprus
CZ - Czech Republic - Cechy
DD - Germany - Deutschland
DE - Germany - Deutschland
DJ - Djibouti
DK - Denmark - Danmark
DM - Dominica
DO - Dominican Republic - Republica Dominicana
DZ - Algeria - Jaza'ir
EC - Ecuador
EE - Estonia - Eesti
EG - Egypt - Misr
EH - Western Sahara
ER - Eritrea
ES - Spain - Espana
ET - Ethiopia - Ityop'iya
FI - Finland - Suomi
FJ - Fiji
FK - Falkland Islands
FM - Micronesia
FO - Faroe Islands - Faroyar
FR - France
FX - Metropolitan France
GA - Gabon
GB - United Kingdom
GD - Grenada
GE - Georgia - Sak'art'velo
GF - French Guiana - Guyane
GH - Ghana
GI - Gibraltar (UK)
GL - Greenland - Kalaallit Nunaat
GM - The Gambia
GN - Guinea - Guinee
GP - Guadaloupe (France)
GQ - Equatorial Guinea - Guinea Ecuatorial
GR - Greece - Ellas
GS - South Georgia
GT - Guatemala
GU - Guam
GW - Guinea-Bissau - Guine-Bissau
GY - Guyana
HK - Hong Kong (UK)
HM - Heard Island and McDonald Islands (Australia)
HN - Honduras
HR - Croatia - Hrvatska
HT - Haiti
HU - Hungary - Magyarorszag
ID - Indonesia
IE - Ireland - &Eacute;ire
IL - Israel - Yisra'el
IN - India - Bharat
IO - Indian Ocean Territory (UK)
IQ - Iraq
IR - Iran
IS - Island - Iceland
IT - Italy - Italia
JM - Jamaica
JO - Jordan - Urdun
JP - Japan
KE - Kenya
KG - Kyrgyzstan
KH - Cambodia - Kampuchea
KI - Kiribati
KM - Comoros - Comores
KN - Saint Kitts and Nevis
KP - Korea - Choson
KR - Korea
KW - Kuwait - Kuwayt
KY - Cayman Islands
KZ - Kazakhstan
LA - Laos
LB - Lebanon - Lubnaniyah
LC - Saint Lucia
LI - Liechtenstein
LK - Sri Lanka
LR - Liberia
LS - Lesotho
LT - Lithuania - Lietuva
LU - Luxembourg
LV - Latvia - Latvija
LY - Libya - Libiya
MA - Morocco - Maghrib
MC - Monaca
MD - Moldova
MG - Madagascar
MH - Marshall Islands
MK - Macedonia - Makedonija
ML - Mali
MM - Burma - Myanma
MN - Mongolia - Mongol Uls
MO - Macau
MP - Northern Mariana Islands
MQ - Martinique (France)
MR - Mauritania - Muritaniyah
MS - Montserrat
MT - Malta
MU - Mauritius
MV - Maldives
MW - Malawi
MY - Malaysia
MZ - Mozambique - Mocambique
NA - Namibia
NC - New Caledonia - Nouvelle-Caledonie
NE - Niger
NF - Norfolk Island (Australia)
NG - Nigeria
NI - Nicaragua
NL - Netherlands - Nederland
NO - Norway - Norge
NP - Nepal
NR - Nauru
NU - Niue
NZ - New Zealand
OM - Oman - Uman
PA - Panama
PE - Peru
PF - French Polynesia - Polynesie Francaise
PG - Papua New Guinea
PH - Philippines - Pilipinas
PK - Pakistan
PL - Poland - Polska
PM - Saint-Pierre et Miquelon
PN - Pitcairn Islands
PR - Puerto Rico
PT - Portugal
PW - Palau - Belau
PY - Paraguay
QA - Qatar
RE - Reunion
RO - Romania
RU - Russia - Rossiya
RW - Rwanda
SA - Saudi Arabia - Arabiya as Suudiyah
SB - Solomon Islands
SC - Seychelles
SD - Sudan
SE - Sweden - Sverige
SG - Singapore - Singapura
SH - Saint Helena (UK)
SI - Slovenia - Slovenija
SJ - Svalbard og Jan Mayen
SK - Slovakia - Slovensko
SL - Sierra Leone
SM - San Marino
SN - Senegal
SO - Somalia
SR - Suriname
ST - Sao Tome e Principe
SU - Soviet Union - Sovietskiy Soyuz
SV - El Salvador
SY - Syria - Suriyah
SZ - Swaziland
TC - Turks and Caicos Islands
TD - Chad - Tchad
TF - Southern and Antarctic Lands - Terre Australes et Antarctiques
TG - Togo
TH - Thailand
TJ - Tajikistan - Tojikiston
TK - Tokelau (New Zealand)
TM - Turkmenistan - Tiurkmenostan
TN - Tunisia - Tunis
TO - Tonga
TP - Timor
TR - Turkey - Turkiye
TT - Trinidad and Tobago
TV - Tuvalu
TW - Taiwan - T'ai-wan
TZ - Tanzania
UA - Ukraine - Ukrayina
UG - Uganda
UM - United States Minor Outlying Islands
US - United States of America
UY - Uruguay
UZ - Uzbekistan - Uzbekiston
VA - Holy See
VC - Saint Vincent and the Grenadines
VE - Venezuela
VG - Virgin Islands (UK)
VI - Virgin Islands (USA)
VN - Vietnam - Viet Nam
VU - Vanuatu
WF - Wallis et Futuna
WS - Samoa
YD - Yemen
YE - Yemen
YT - Mayotte (France)
YU - Yugoslavia
ZA - South Africa
ZM - Zambia
ZR - Zaire
ZW - Zimbabwe